<beans xmlns="http://www.springframework.org/schema/beans"
	xmlns:mvc="http://www.springframework.org/schema/mvc"
	xmlns:xsi="http://www.w3.org/2001/XMLSchema-instance"
	xmlns:context="http://www.springframework.org/schema/context"
	xmlns:p="http://www.springframework.org/schema/p"
	xmlns:tx="http://www.springframework.org/schema/tx"
	xmlns:aop="http://www.springframework.org/schema/aop"
	xmlns:jdbc="http://www.springframework.org/schema/jdbc"
	xmlns:jee="http://www.springframework.org/schema/jee"
	xmlns:util="http://www.springframework.org/schema/util"
	xsi:schemaLocation="http://www.springframework.org/schema/jee http://www.springframework.org/schema/jee/spring-jee-3.2.xsd
		http://www.springframework.org/schema/jdbc http://www.springframework.org/schema/jdbc/spring-jdbc-3.2.xsd
		http://www.springframework.org/schema/aop http://www.springframework.org/schema/aop/spring-aop-3.2.xsd
		http://www.springframework.org/schema/mvc http://www.springframework.org/schema/mvc/spring-mvc-3.2.xsd
		http://www.springframework.org/schema/beans http://www.springframework.org/schema/beans/spring-beans-3.2.xsd
		http://www.springframework.org/schema/tx http://www.springframework.org/schema/tx/spring-tx-3.2.xsd
		http://www.springframework.org/schema/util http://www.springframework.org/schema/util/spring-util-3.2.xsd
		http://www.springframework.org/schema/context http://www.springframework.org/schema/context/spring-context-3.2.xsd">
	
	<context:property-placeholder location="classpath:/portalxpert/config/portalxpert.properties" system-properties-mode="OVERRIDE" />

	<util:properties id="default" location="classpath:/portalxpert/config/portalxpert.properties" />
	
	
	<!-- 어플리케이션에서 유일한 키값으로 키/값쌍을 가지고 오는 서비스 -->
	<bean name="propertiesService" class="egovframework.rte.fdl.property.impl.EgovPropertyServiceImpl" destroy-method="destroy">

		<property name="properties">
	        <map>
	        	<!-- paging 관련 -->
	        	<entry key="pageUnit" value="${portalxpert.pageUnit:10}"/>
	        	<entry key="pageSize" value="${portalxpert.pageSize:10}"/>
	        	
	        	<entry key="image.web.contextpath" value="${portalxpert.image.web.contextpath:/portalxpert.template}"/>
	        	
	        	<!-- 조직트리 쿼리 최상단 조직코드 -->
	        	<entry key="START_DEPT_CODE" value="${portalxpert.startDeptCode:0}"/>
	        	<!-- 업로드 첨부용량 제한 -->
	        	<entry key="upload.file.size" value="${portalxpert.upload.file.size:1000}"/>
	        	<!-- 미리보기 실경로 -->
	        	<entry key="upload.temp.dir" value="${portalxpert.upload.temp.dir:/home/was/tomcat-portal/webapps/portalxpert/upload/temp/}"/>
	        	<!-- 미리보기 웹경로 -->
	        	<entry key="upload.temp.web" value="${portalxpert.upload.temp.web:/upload/temp/}"/>
	        	<!-- 업로드 실경로 -->
	        	<entry key="upload.real.dir" value="${portalxpert.upload.real.dir:/home/was/tomcat-portal/webapps/portalxpert/upload/}"/>
	        	<!-- 업로드 웹경로 -->
	        	<entry key="upload.real.web" value="${portalxpert.upload.real.web:/upload/}"/>
	        	<!-- 동영상 썸네일 실경로 -->
	        	<entry key="upload.thumbnail.dir" value="${portalxpert.upload.thumbnail.dir:/home/was/tomcat-portal/webapps/portalxpert/upload/movie/}"/>
	        	<!-- 동영상 썸네일 웹경로 -->
	        	<entry key="upload.thumbnail.web" value="${portalxpert.upload.thumbnail.web:/upload/movie}"/>
	        	<!-- 동영상 썸네일기본 이미지 -->
	        	<entry key="upload.thumbnail.file" value="${portalxpert.upload.thumbnail.file:movie_process.png}"/>
	        	<!-- 개인 개시물당 첨부용량 제한  (디폴트 1GB) -->
	        	<entry key="pbs.upload.file.size" value="${portalxpert.pbs.upload.file.size:1000}"/>
	        	<!-- 기본 개인 이미지 -->
	        	<entry key="person.image.default" value="${portalxpert.person.image.default:/upload/photo/picture_img.gif}"/>
	        	<!-- SNS 이미지 갯수 MAX -->
	        	<entry key="person.tmln.img.max" value="${portalxpert.person.tmln.img.max:4}"/>
	        	<!-- SNS 이미지  MAX SIZE -->
	        	<entry key="person.tmln.img.size" value="${portalxpert.person.tmln.img.size:3}"/>
	        	<!-- SNS 설문 질문 갯수 MAX -->
	        	<entry key="person.tmln.survey.max" value="${portalxpert.person.tmln.survey.max:20}"/>
	        	<!-- SNS 설문 보기 갯수 MAX -->
	        	<entry key="person.tmln.survey.view" value="${portalxpert.person.tmln.survey.view:10}"/>
	        	<!-- SNS 첨부 갯수 MAX -->
	        	<entry key="person.tmln.apnd.max" value="${portalxpert.person.tmln.apnd.max:10}"/>
	        	<!-- SNS 첨부  MAX SIZE -->
	        	<entry key="person.tmln.apnd.size" value="${portalxpert.person.tmln.apnd.size:3}"/>

	        	<entry key="session.id" value="${portalxpert.session.id:pxLoginInfo}"/>
	        	
				<!-- theme -->	        	
	        </map>
		</property>
	</bean>
</beans>	
