<beans xmlns="http://www.springframework.org/schema/beans"
	xmlns:mvc="http://www.springframework.org/schema/mvc"
	xmlns:xsi="http://www.w3.org/2001/XMLSchema-instance"
	xmlns:context="http://www.springframework.org/schema/context"
	xmlns:p="http://www.springframework.org/schema/p"
	xmlns:tx="http://www.springframework.org/schema/tx"
	xmlns:aop="http://www.springframework.org/schema/aop"
	xmlns:jdbc="http://www.springframework.org/schema/jdbc"
	xmlns:jee="http://www.springframework.org/schema/jee"
	xsi:schemaLocation="http://www.springframework.org/schema/jee http://www.springframework.org/schema/jee/spring-jee-3.2.xsd
		http://www.springframework.org/schema/jdbc http://www.springframework.org/schema/jdbc/spring-jdbc-3.2.xsd
		http://www.springframework.org/schema/aop http://www.springframework.org/schema/aop/spring-aop-3.2.xsd
		http://www.springframework.org/schema/mvc http://www.springframework.org/schema/mvc/spring-mvc-3.2.xsd
		http://www.springframework.org/schema/beans http://www.springframework.org/schema/beans/spring-beans-3.2.xsd
		http://www.springframework.org/schema/tx http://www.springframework.org/schema/tx/spring-tx-3.2.xsd
		http://www.springframework.org/schema/context http://www.springframework.org/schema/context/spring-context-3.2.xsd">

	<!-- Mapper setup for MYBATIS Database Layer -->
	
	<!-- ### MyBatis SessionFactory ### -->
	<bean id="sqlSessionFactory" class="org.mybatis.spring.SqlSessionFactoryBean">
		<property name="dataSource" ref="dataSource" />
		<property name="configLocation"	value="classpath:/portalxpert/mapper/mybatis-config.xml" />
		<property name="mapperLocations">
			<list>
				<value>classpath:/portalxpert/mapper/**/*-mapper-${portalxpert.dbType:oracle}.xml</value>
			</list>
		</property>
	</bean>
	
	<!-- ### MyBatis MapperScanner ### -->
	<!--  bean class="org.mybatis.spring.mapper.MapperScannerConfigurer">
		<property name="basePackage" value="portalxpert.**.mapper" />
		<property name="annotationClass" value="org.springframework.stereotype.Repository" />
		<property name="sqlSessionFactoryBeanName" value="sqlSessionFactory" />
	</bean -->
	
	<bean class="egovframework.rte.psl.dataaccess.mapper.MapperConfigurer">
		<property name="basePackage" value="portalxpert.**.mapper" />
		<property name="sqlSessionFactoryBeanName" value="sqlSessionFactory" />
	</bean>
				
</beans>	
