<beans xmlns="http://www.springframework.org/schema/beans"
	xmlns:mvc="http://www.springframework.org/schema/mvc"
	xmlns:xsi="http://www.w3.org/2001/XMLSchema-instance"
	xmlns:context="http://www.springframework.org/schema/context"
	xmlns:p="http://www.springframework.org/schema/p"
	xmlns:tx="http://www.springframework.org/schema/tx"
	xmlns:aop="http://www.springframework.org/schema/aop"
	xmlns:jdbc="http://www.springframework.org/schema/jdbc"
	xmlns:jee="http://www.springframework.org/schema/jee"
	xsi:schemaLocation="http://www.springframework.org/schema/jee http://www.springframework.org/schema/jee/spring-jee-3.2.xsd
		http://www.springframework.org/schema/jdbc http://www.springframework.org/schema/jdbc/spring-jdbc-3.2.xsd
		http://www.springframework.org/schema/aop http://www.springframework.org/schema/aop/spring-aop-3.2.xsd
		http://www.springframework.org/schema/mvc http://www.springframework.org/schema/mvc/spring-mvc-3.2.xsd
		http://www.springframework.org/schema/beans http://www.springframework.org/schema/beans/spring-beans-3.2.xsd
		http://www.springframework.org/schema/tx http://www.springframework.org/schema/tx/spring-tx-3.2.xsd
		http://www.springframework.org/schema/context http://www.springframework.org/schema/context/spring-context-3.2.xsd">
	
    <alias name="dataSource-${portalxpert.dbType}" alias="dataSource"/>	

    <!-- ### DataSource ###-->
    
    <bean id="dataSource-oracle" class="org.apache.commons.dbcp.BasicDataSource" destroy-method="close">
        <property name="driverClassName" value="oracle.jdbc.driver.OracleDriver"/>
        <property name="url" value="jdbc:oracle:thin:@192.168.139.227:1521:XE"/>
        <property name="username" value="PX_PORTAL"/>
        <property name="password" value="PX_PORTAL"/>
    </bean>
    
    <bean id="dataSource-tibero" class="org.apache.commons.dbcp.BasicDataSource" destroy-method="close">
        <property name="driverClassName" value="com.tmax.tibero.jdbc.TbDriver"/>
        <property name="url" value="jdbc:tibero:thin:@127.0.0.1:1821:tibero"/>
        <property name="username" value="PX_PORTAL"/>
        <property name="password" value="PX_PORTAL"/>
    </bean>	
    
    <bean id="dataSource-cubrid" class="org.apache.commons.dbcp.BasicDataSource" destroy-method="close">
        <property name="driverClassName" value="cubrid.jdbc.driver.CUBRIDDriver"/>
        <property name="url" value="jdbc:cubrid:127.0.0.1.22:1921:cubrid:::?charset=utf-8"/>
        <property name="username" value="PX_PORTAL"/>
        <property name="password" value="PX_PORTAL"/>
    </bean>
    
    <bean id="dataSource-altibase" class="org.apache.commons.dbcp.BasicDataSource" destroy-method="close">
        <property name="driverClassName" value="Altibase.jdbc.driver.AltibaseDriver"/>
        <property name="url" value="jdbc:Altibase://127.0.0.1:1721/altibase?encoding=UTF-8"/>
        <property name="username" value="PX_PORTAL"/>
        <property name="password" value="PX_PORTAL"/>
    </bean>                
    
</beans>
