<beans xmlns="http://www.springframework.org/schema/beans"
	xmlns:mvc="http://www.springframework.org/schema/mvc"
	xmlns:xsi="http://www.w3.org/2001/XMLSchema-instance"
	xmlns:context="http://www.springframework.org/schema/context"
	xmlns:p="http://www.springframework.org/schema/p"
	xmlns:tx="http://www.springframework.org/schema/tx"
	xmlns:aop="http://www.springframework.org/schema/aop"
	xmlns:jdbc="http://www.springframework.org/schema/jdbc"
	xmlns:jee="http://www.springframework.org/schema/jee"
	xsi:schemaLocation="http://www.springframework.org/schema/jee http://www.springframework.org/schema/jee/spring-jee-3.2.xsd
		http://www.springframework.org/schema/jdbc http://www.springframework.org/schema/jdbc/spring-jdbc-3.2.xsd
		http://www.springframework.org/schema/aop http://www.springframework.org/schema/aop/spring-aop-3.2.xsd
		http://www.springframework.org/schema/mvc http://www.springframework.org/schema/mvc/spring-mvc-3.2.xsd
		http://www.springframework.org/schema/beans http://www.springframework.org/schema/beans/spring-beans-3.2.xsd
		http://www.springframework.org/schema/tx http://www.springframework.org/schema/tx/spring-tx-3.2.xsd
		http://www.springframework.org/schema/context http://www.springframework.org/schema/context/spring-context-3.2.xsd">
	
	<!-- 베이스 패키지명 변경 -->
    <context:component-scan base-package="portalxpert">
 		  <context:exclude-filter type="annotation" expression="org.springframework.stereotype.Controller" /> 
    </context:component-scan>
    
	<bean id="messageSource" class="org.springframework.context.support.ReloadableResourceBundleMessageSource">
		<property name="defaultEncoding" value="UTF-8"/>
		<property name="basenames">
			<list>
				<value>classpath:/egovframework/message/com/message-common</value>
                <value>classpath:/egovframework/rte/fdl/idgnr/messages/idgnr</value>
                <value>classpath:/egovframework/rte/fdl/property/messages/properties</value>
				<value>/WEB-INF/config/portalxpert/message/message-common</value>
			</list>
		</property>
		<property name="cacheSeconds">
			<value>60</value>
		</property>
	</bean>
	
	<bean id="messageSourceAccessor" class="org.springframework.context.support.MessageSourceAccessor">
		<constructor-arg ref="messageSource"/>
	</bean>
	
	<!-- LeaveaTrace 클래스의 목적은 Exception 을 발생하지 않고 후처리로직만을 실행 -->
	<bean id="leaveaTrace" class="egovframework.rte.fdl.cmmn.trace.LeaveaTrace">
		<property name="traceHandlerServices">
			<list>
				<ref bean="traceHandlerService" />
			</list>
		</property>
	</bean>

	<bean id="traceHandlerService"
		class="egovframework.rte.fdl.cmmn.trace.manager.DefaultTraceHandleManager">
		<property name="reqExpMatcher">
			<ref bean="antPathMater" />
		</property>
		<property name="patterns">
			<list>
				<value>*</value>
			</list>
		</property>
		<property name="handlers">
			<list>
				<ref bean="defaultTraceHandler" />
			</list>
		</property>
	</bean>
	<!-- yhj:antPathMater
	ant 스타일 경로 패턴을 위한 구현 유틸이다 -->
	<bean id="antPathMater" class="org.springframework.util.AntPathMatcher" />

	<bean id="defaultTraceHandler" class="egovframework.rte.fdl.cmmn.trace.handler.DefaultTraceHandler" />
    
</beans>
