<beans xmlns="http://www.springframework.org/schema/beans"
	xmlns:mvc="http://www.springframework.org/schema/mvc"
	xmlns:xsi="http://www.w3.org/2001/XMLSchema-instance"
	xmlns:context="http://www.springframework.org/schema/context"
	xmlns:p="http://www.springframework.org/schema/p"
	xmlns:tx="http://www.springframework.org/schema/tx"
	xmlns:aop="http://www.springframework.org/schema/aop"
	xmlns:jdbc="http://www.springframework.org/schema/jdbc"
	xmlns:jee="http://www.springframework.org/schema/jee"
	xsi:schemaLocation="http://www.springframework.org/schema/jee http://www.springframework.org/schema/jee/spring-jee-3.2.xsd
		http://www.springframework.org/schema/jdbc http://www.springframework.org/schema/jdbc/spring-jdbc-3.2.xsd
		http://www.springframework.org/schema/aop http://www.springframework.org/schema/aop/spring-aop-3.2.xsd
		http://www.springframework.org/schema/mvc http://www.springframework.org/schema/mvc/spring-mvc-3.2.xsd
		http://www.springframework.org/schema/beans http://www.springframework.org/schema/beans/spring-beans-3.2.xsd
		http://www.springframework.org/schema/tx http://www.springframework.org/schema/tx/spring-tx-3.2.xsd
		http://www.springframework.org/schema/context http://www.springframework.org/schema/context/spring-context-3.2.xsd">

	<!-- 내부업무의 기능 작동과정에서 Exception 발생시 후처리를 위한 AOP설정  -->
	<aop:config>
		<aop:pointcut id="serviceMethod" expression="execution(* portalxpert.*..*Impl.*(..))" />

		<aop:aspect ref="exceptionTransfer">
			<aop:after-throwing throwing="exception"
				pointcut-ref="serviceMethod" method="transfer" />
		</aop:aspect> 
	</aop:config>
	
	<!-- Exception 발생시 후처리를 위해 표준프레임워크 실행환경의 ExceptionTransfer를 활용하도록  설정-->
	<bean id="exceptionTransfer" class="egovframework.rte.fdl.cmmn.aspect.ExceptionTransfer">
		<property name="exceptionHandlerService">
			<list>
				<ref bean="defaultExceptionHandleManager" />
			</list>
		</property>
	</bean>

	<!-- Exception 발생에 대한 기본Excpton처리를 위해 표준프레임워크 실행환경의 DefaultExceptionTransfer를 활용하도록  설정-->
	<bean id="defaultExceptionHandleManager"
		class="egovframework.rte.fdl.cmmn.exception.manager.DefaultExceptionHandleManager">
		<property name="reqExpMatcher">
			<ref bean="antPathMater"/>
		</property>
		<property name="patterns">
			<list>
				<value>portalxpert.*..*Impl</value>
			</list>
		</property>
		<property name="handlers">
			<list>
				<ref bean="portalHandler" />
			</list>
		</property>		
	</bean>

	<bean id="portalHandler" class="portalxpert.common.exception.PortalExcepHndlr" />
</beans>