<?xml version="1.0" encoding="UTF-8"?>

<beans xmlns="http://www.springframework.org/schema/beans" xmlns:xsi="http://www.w3.org/2001/XMLSchema-instance"
		xmlns:p="http://www.springframework.org/schema/p" xmlns:context="http://www.springframework.org/schema/context"
		xsi:schemaLocation="http://www.springframework.org/schema/beans http://www.springframework.org/schema/beans/spring-beans-3.2.xsd
				http://www.springframework.org/schema/context http://www.springframework.org/schema/context/spring-context-3.2.xsd">

	 
	<bean class="org.springframework.web.servlet.mvc.SimpleControllerHandlerAdapter"/>
	<bean class="org.springframework.web.servlet.handler.SimpleUrlHandlerMapping">
		<property name="alwaysUseFullPath" value="true" />
		<property name="order" value="2" />
		<property name="mappings">
			<value>/**/*.do=urlController</value>
		</property>
	</bean>
	<bean id="urlController" class="org.springframework.web.servlet.mvc.UrlFilenameViewController" />
			 
</beans>
