<?xml version="1.0" encoding="UTF-8"?>
<!DOCTYPE mapper PUBLIC "-//mybatis.org//DTD Mapper 3.0//EN" "http://mybatis.org/dtd/mybatis-3-mapper.dtd">

<mapper namespace="portalxpert.board.board211.mapper.Board211Mapper">


	<!-- BBS_게시물_정보 -->
	<resultMap id="bbsNotiInfoResult" type="portalxpert.board.board100.vo.BbsNotiInfoVO">
		<result property="notiId" column="NOTI_ID" />
		<result property="upNotiId" column="UP_NOTI_ID" />
		<result property="boardId" column="BOARD_ID" />
		<result property="emgcYn" column="EMGC_YN" />
		<result property="anmtYn" column="ANMT_YN" />
		<result property="popupYn" column="POPUP_YN" />
		<result property="briefYn" column="BRIEF_YN" />
		<result property="moblOpenDiv" column="MOBL_OPEN_DIV" />
		<result property="notiTitle" column="NOTI_TITLE" />
		<result property="titleBoldYn" column="TITLE_BOLD_YN" />
		<result property="titleColorDiv" column="TITLE_COLOR_DIV" />
		<result property="notiConts" column="NOTI_CONTS" jdbcType="CLOB" javaType="java.lang.String"/>
		<result property="linkUrl" column="LINK_URL" />
		<result property="notiTp" column="NOTI_TP" />
		<result property="notiKind" column="NOTI_KIND" />
		<result property="nickUseYn" column="NICK_USE_YN" />
		<result property="userNick" column="USER_NICK" />
		<result property="userName" column="USER_NAME" />
		<result property="editDiv" column="EDIT_DIV" />
		<result property="rsrvYn" column="RSRV_YN" />
		<result property="notiBgnDttm" column="NOTI_BGN_DTTM" />
		<result property="notiEndDttm" column="NOTI_END_DTTM" />
		<result property="notiOpenDiv" column="NOTI_OPEN_DIV" />
		<result property="notiOpenDivSpec" column="NOTI_OPEN_DIV_SPEC" />
		<result property="publAsgnDiv" column="PUBL_ASGN_DIV" />
		<result property="publAsgnDivSpec" column="PUBL_ASGN_DIV_SPEC" />
		<result property="replyPrmsYn" column="REPLY_PRMS_YN" />
		<result property="replyMakrRealnameYn" column="REPLY_MAKR_REALNAME_YN" />
		<result property="opnPrmsYn" column="OPN_PRMS_YN" />
		<result property="opnMakrRealnameYn" column="OPN_MAKR_REALNAME_YN" />
		<result property="notiReadCnt" column="NOTI_READ_CNT" />
		<result property="notiOpnCnt" column="NOTI_OPN_CNT" />
		<result property="notiAgrmCnt" column="NOTI_AGRM_CNT" />
		<result property="notiOppCnt" column="NOTI_OPP_CNT" />
		<result property="notiLikeCnt" column="NOTI_LIKE_CNT" />
		<result property="bfBoardId" column="BF_BOARD_ID" />
		<result property="bfNotiId" column="BF_NOTI_ID" />
		<result property="statCode" column="STAT_CODE" />
		<result property="deptCode" column="DEPT_CODE" />
		<result property="deptName" column="DEPT_NAME" />
		<result property="deptFname" column="DEPT_FNAME" />
		<result property="makrIp" column="MAKR_IP" />
		<result property="brghCode" column="BRGH_CODE" />
		<result property="cdlnDeptCode" column="CDLN_DEPT_CODE" />
		<result property="cdlnDeptName" column="CDLN_DEPT_NAME" />
		<result property="cdlnDeptFname" column="CDLN_DEPT_FNAME" />
		<result property="cdlnObjrName" column="CDLN_OBJR_NAME" />
		<result property="cdlnEvntCode" column="CDLN_EVNT_CODE" />
		<result property="delYn" column="DEL_YN" />
		<result property="regrId" column="REGR_ID" />
		<result property="regrName" column="REGR_NAME" />
		<result property="regDttm" column="REG_DTTM" />
		<result property="updrId" column="UPDR_ID" />
		<result property="updrName" column="UPDR_NAME" />
		<result property="updDttm" column="UPD_DTTM" />
		<result property="oldBrdId" column="OLD_BRD_ID" />
		<result property="oldHeaderId" column="OLD_HEADER_ID" />
		<result property="oldOrignalId" column="OLD_ORIGNAL_ID" />
		<result property="oldNoticeSeq" column="OLD_NOTICE_SEQ" />
		<result property="apndFileCnt" column="APND_FILE_CNT" />
		<result property="notiTagLst" column="NOTI_TAG_LST" />
		<result property="opnCnt" column="OPN_CNT" />
		<result property="prevNotiId" column="PREV_NOTI_ID" />
		<result property="prevNotiTitle" column="PREV_NOTI_TITLE" />
		<result property="nextNotiId" column="NEXT_NOTI_ID" />
		<result property="nextNotiTitle" column="NEXT_NOTI_TITLE" />
		<result property="evalReadCnt" column="EVAL_READ_CNT" />
		<result property="updYn" column="UPD_YN" />
		<result property="pnum" column="PNUM" />
		<result property="mail" column="MAIL" />
		<result property="evalReadYn" column="EVAL_READ_YN" />
		<result property="notiReadYn" column="NOTI_READ_YN" />
		<result property="evalAgrmCnt" column="EVAL_AGRM_CNT" />
		<result property="evalOppCnt" column="EVAL_OPP_CNT" />
		<result property="evalLikeCnt" column="EVAL_LIKE_CNT" />
		<result property="cdlnTitle" column="CDLN_TITLE" />
		<result property="reNotiYn" column="RE_NOTI_YN" />
		<result property="agrmOppYn" column="AGRM_OPP_YN" />
		<result property="rid" column="RID" />
		<result property="apndFileName" column="APND_FILE_NAME" />
		
	</resultMap>  


	<select id="getBbsImgBoardAuthFlag" parameterType="String" resultType="String">
		SELECT NOTI_READMAN_ASGN_YN 
		FROM BBS_BOARD_INFO 
		WHERE BOARD_ID =  #{boardId} 
	</select>
	
	<select id="getBbsImgBoardAuthNotiList" parameterType="portalxpert.board.board211.vo.BbsImgBoardNotiInfoVO" resultType="portalxpert.board.board211.vo.BbsImgBoardNotiInfoVO">
	
		SELECT BOARD_ID
			  ,BOARD_NAME
		      ,NOTI_ID
		      ,NOTI_TITLE
		      ,NOTI_TITLE_ORGN
		      ,NOTI_CONTS
		      ,USER_ID
		      ,APND_FILE_SEQ
		      ,TO_CHAR(UPD_DTTM , 'YYYY-MM-DD HH24:MM:SS' ) UPD_DTTM 
              ,UPDR_NAME
              ,NOTI_READ_CNT
              ,APND_FILE_TP 
              ,APND_FILE_ORGN
              ,APND_FILE_NAME
              ,APND_FILE_PATH
              ,APND_FILE_PRVW_PATH
              ,APND_FILE_PRVW_NAME
              ,'/' || APND_FILE_PATH  ||'/'|| APND_FILE_NAME  APND_IMAGE
              ,COMMENT_CNT
		
		FROM(
		    SELECT  A.BOARD_ID
		    		,A.BOARD_NAME
		            ,B.NOTI_ID
		            ,B.NOTI_TITLE
		            ,B.NOTI_TITLE_ORGN
		            ,B.NOTI_CONTS
		            ,B.USER_ID
		            ,C.APND_FILE_SEQ
		            ,B.UPD_DTTM
                    ,B.UPDR_NAME
                    ,B.NOTI_READ_CNT
                    ,C.APND_FILE_TP 
                    ,C.APND_FILE_ORGN
                    ,C.APND_FILE_NAME
                    ,C.APND_FILE_PATH
                    ,C.APND_FILE_PRVW_PATH
                    ,C.APND_FILE_PRVW_NAME
                    ,(
                        SELECT COUNT(1) FROM BBS_NOTI_OPN S 
                        WHERE S.DEL_YN = 'N' AND S.NOTI_ID = D.NOTI_ID
                                                   
                     ) COMMENT_CNT

			 	<choose>
					<when test="orderSeq == 1">
						,ROW_NUMBER() OVER (ORDER BY B.UPD_DTTM DESC) RNUM
					</when>
					<when test="orderSeq == 2">
						,ROW_NUMBER() OVER (ORDER BY B.UPDR_NAME ) RNUM
					</when>
					<when test="orderSeq == 3">
						,ROW_NUMBER() OVER (ORDER BY B.NOTI_TITLE ) RNUM
					</when>
					<otherwise>
						,ROW_NUMBER() OVER (ORDER BY B.NOTI_ID DESC) RNUM
					</otherwise> 
				</choose>

		      FROM BBS_BOARD_INFO A , BBS_NOTI_INFO B ,  BBS_NOTI_APND_FILE C ,
		            (SELECT NOTI_ID, BOARD_ID  
							      FROM BBS_NOTI_INFO a
							     WHERE A.BOARD_ID = #{boardId} AND A.DEL_YN = 'N' AND A.ANMT_YN = 'N'
							      <if test="notiReadmanAsgnYn != null and notiReadmanAsgnYn.equalsIgnoreCase('N') ">
			                        AND EXISTS(SELECT 1
		                                       FROM BBS_BOARD_USER_MAP B
		                                       WHERE A.BOARD_ID = B.BOARD_ID
		                                       AND B.USER_ID IN (${userMap}))
									</if>
									<if test="notiReadmanAsgnYn != null and notiReadmanAsgnYn.equalsIgnoreCase('Y') ">
									AND EXISTS(SELECT 1
		                                       FROM BBS_NOTI_USER_MAP B
		                                       WHERE A.NOTI_ID = B.NOTI_ID
		                                       AND B.USER_ID IN (${userMap}))
									</if>						       
						<if test="dateSt!=null and dateSt!=''">
							<![CDATA[ AND A.NOTI_BGN_DTTM >= TO_DATE(#{dateSt},'yyyy-mm-dd') ]]>
						</if>
						<if test="dateEd!=null and dateEd!=''">
							<![CDATA[ AND A.NOTI_BGN_DTTM <= TO_DATE(#{dateEd} || '23:59:59','yyyy-mm-dd hh24:mi:ss') ]]>
						</if>
						
		           )D
		        WHERE A.BOARD_FORM = '030'
		        AND   A.BOARD_FORM_SPEC = '010'
		        AND   D.BOARD_ID = A.BOARD_ID
		        AND   A.BOARD_ID = B.BOARD_ID
		        AND   B.DEL_YN = 'N'
		        AND   B.ANMT_YN = 'N'
		        AND   B.NOTI_ID = C.NOTI_ID  
		        AND   B.NOTI_ID = D.NOTI_ID
		        AND   C.APND_FILE_TP = '020'
		        AND   C.APND_FILE_SEQ = ( SELECT MIN(S.APND_FILE_SEQ)  FROM BBS_NOTI_APND_FILE S WHERE S.APND_FILE_TP='020' AND B.NOTI_ID = S.NOTI_ID  
		                                                               GROUP BY S.NOTI_ID   ) 
		        
		       <if test="searchKeyword !=null and searchKeyword != '' ">
			        <choose>
						<when test="searchCondition == 0">
							AND   B.NOTI_TITLE LIKE '%' || #{searchKeyword} || '%' 
						</when>
						<when test="searchCondition == 1">
							AND B.REGR_NAME LIKE '%' || #{searchKeyword} || '%'
						</when>
						<when test="searchCondition == 2">
							AND B.NOTI_CONTS LIKE '%' || #{searchKeyword} || '%'
						</when>
						
						<otherwise>
						</otherwise>
					
					</choose>
			   </if>              
			   <if test="dateSt!=null and dateSt!=''">
					<![CDATA[ AND B.NOTI_BGN_DTTM >= TO_DATE(#{dateSt},'yyyy-mm-dd') ]]>
				</if>
				<if test="dateEd!=null and dateEd!=''">
					<![CDATA[ AND B.NOTI_BGN_DTTM <= TO_DATE(#{dateEd} || '23:59:59','yyyy-mm-dd hh24:mi:ss') ]]>
				</if>                    
		  ) WHERE RNUM BETWEEN #{firstIndex}  AND #{lastIndex}        
		
		
	
	</select>
	
	
	
	<select id="getBbsImgBoardAuthNotiListCnt" parameterType="portalxpert.board.board211.vo.BbsImgBoardNotiInfoVO" resultType="int">	
	 
    	SELECT COUNT(1)
        FROM BBS_BOARD_INFO A , BBS_NOTI_INFO B ,  BBS_NOTI_APND_FILE C ,
            (SELECT NOTI_ID, BOARD_ID  
			      FROM BBS_NOTI_INFO a
			     WHERE A.BOARD_ID = #{boardId} AND A.DEL_YN = 'N' AND A.ANMT_YN = 'N'
			        <if test="notiReadmanAsgnYn != null and notiReadmanAsgnYn.equalsIgnoreCase('N') ">
                       AND EXISTS(SELECT 1
                                     FROM BBS_BOARD_USER_MAP B
                                     WHERE A.BOARD_ID = B.BOARD_ID
                                     AND B.USER_ID IN (${userMap}))
					</if>
					<if test="notiReadmanAsgnYn != null and notiReadmanAsgnYn.equalsIgnoreCase('Y') ">
					AND EXISTS(SELECT 1
                                     FROM BBS_NOTI_USER_MAP B
                                     WHERE A.NOTI_ID = B.NOTI_ID
                                     AND B.USER_ID IN (${userMap}))
					</if>                                                     
		       
                <!-- <if test="dateSt!=null and dateSt!=''">
					<![CDATA[ AND TO_CHAR(A.NOTI_BGN_DTTM, 'YYYY-MM-DD') >= #{dateSt} ]]>
				</if>
				<if test="dateEd!=null and dateEd!=''">
					<![CDATA[ AND TO_CHAR(A.NOTI_BGN_DTTM, 'YYYY-MM-DD') <= #{dateEd} ]]>
				</if> -->                    
				<if test="dateSt!=null and dateSt!=''">
					<![CDATA[ AND A.NOTI_BGN_DTTM >= TO_DATE(#{dateSt},'yyyy-mm-dd') ]]>
				</if>
				<if test="dateEd!=null and dateEd!=''">
					<![CDATA[ AND A.NOTI_BGN_DTTM <= TO_DATE(#{dateEd} || '23:59:59','yyyy-mm-dd hh24:mi:ss') ]]>
				</if>
				
				       
				/*                                  
                START WITH UP_NOTI_ID = '*' 
                CONNECT BY a.UP_NOTI_ID = PRIOR a.NOTI_ID
           		*/
           )D
        WHERE A.BOARD_FORM = '030'
        AND   A.BOARD_FORM_SPEC = '010'
        AND   D.BOARD_ID = A.BOARD_ID
        AND   A.BOARD_ID = B.BOARD_ID
        AND   B.DEL_YN = 'N'
        AND   B.NOTI_ID = C.NOTI_ID  
        AND   B.NOTI_ID = D.NOTI_ID
        AND   C.APND_FILE_TP = '020'
        AND   C.APND_FILE_SEQ = ( SELECT MIN(S.APND_FILE_SEQ)  FROM BBS_NOTI_APND_FILE S WHERE S.APND_FILE_TP='020' AND B.NOTI_ID = S.NOTI_ID  
                                                               GROUP BY S.NOTI_ID   ) 
	   <if test="searchKeyword !=null and searchKeyword != '' ">
	        <choose>
				<when test="searchCondition == 0">
					AND   B.NOTI_TITLE LIKE '%' || #{searchKeyword} || '%' 
				</when>
				<when test="searchCondition == 1">
					AND B.REGR_NAME LIKE '%' || #{searchKeyword} || '%'
				</when>
				<when test="searchCondition == 2">
					AND B.NOTI_CONTS LIKE '%' || #{searchKeyword} || '%'
				</when>
				
				<otherwise>
				</otherwise>
				
			</choose>
	   </if>              
		<if test="dateSt!=null and dateSt!=''">
			<![CDATA[ AND B.NOTI_BGN_DTTM >= TO_DATE(#{dateSt},'yyyy-mm-dd') ]]>
		</if>
		<if test="dateEd!=null and dateEd!=''">
			<![CDATA[ AND B.NOTI_BGN_DTTM <= TO_DATE(#{dateEd} || '23:59:59','yyyy-mm-dd hh24:mi:ss') ]]>
		</if>
		
		                                                             
	</select>
	
	
	
	<select id="getBbsNotiInfoListForPaging" resultMap="bbsNotiInfoResult" parameterType="portalxpert.common.vo.BoardSearchVO" >
		SELECT    
   		       (SELECT APND_FILE_PATH||'/'||APND_FILE_NAME FROM BBS_NOTI_APND_FILE WHERE NOTI_ID = N.NOTI_ID AND APND_FILE_TP = '020' AND ROWNUM = 1) APND_FILE_NAME 
   		     , (SELECT COUNT(NOTI_ID) FROM BBS_NOTI_APND_FILE WHERE DEL_YN = 'N' AND NOTI_ID = N.NOTI_ID AND APND_FILE_TP = '050') APND_FILE_CNT
             , (SELECT COUNT(NOTI_ID) FROM BBS_NOTI_OPN WHERE DEL_YN = 'N' AND NOTI_ID = N.NOTI_ID) OPN_CNT
             , CASE 
               WHEN CDLN_EVNT_CODE = 'NT' THEN '[공지]'
               ELSE  '[' || (SELECT CD_NM FROM COM_CODE_SPEC WHERE CD = 'CBV' AND CD_SPEC = N.CDLN_EVNT_CODE) || ' ' || CDLN_OBJR_NAME || ']' 
               END AS CDLN_TITLE
             , NVL((SELECT 'Y' FROM DUAL WHERE EXISTS (SELECT 1 FROM BBS_NOTI_EVAL_INFO WHERE NOTI_ID = N.NOTI_ID AND USER_ID = #{userId} AND NOTI_EVAL_DIV = '040')), 'N') AS NOTI_READ_YN  
			 , N.*   
		FROM (SELECT 
					 NOTI_TITLE,
		             <choose>
					   <when test="orderSeq == 1">
						  ROW_NUMBER() OVER (ORDER BY UPD_DTTM DESC) PNUM,
					   </when>
						<when test="orderSeq == 2">
						  ROW_NUMBER() OVER (ORDER BY UPDR_NAME ) PNUM,
						</when>
						<when test="orderSeq == 3">
						  ROW_NUMBER() OVER (ORDER BY NOTI_TITLE ) PNUM,
						</when>
						<otherwise>
						  ROW_NUMBER() OVER (ORDER BY ROWNUM DESC) PNUM,
						</otherwise> 
					</choose>		             
		             NOTI_ID,
		             UP_NOTI_ID,
		             SORT_SEQ,
		             BOARD_ID,
		             EMGC_YN,
		             ANMT_YN,
		             POPUP_YN,
		             BRIEF_YN,
		             MOBL_OPEN_DIV,
		             NOTI_TITLE_ORGN,
		             TITLE_BOLD_YN,
		             TITLE_COLOR_DIV,
		             LINK_URL,
		             NOTI_TP,
		             NOTI_KIND,
		             NICK_USE_YN,
		             USER_ID,
		             USER_NICK,
		             USER_NAME,
		             EDIT_DIV,
		             RSRV_YN,
		             TO_CHAR(NOTI_BGN_DTTM, 'yyyy-mm-dd') NOTI_BGN_DTTM,
		             TO_CHAR(NOTI_END_DTTM, 'yyyy-mm-dd') NOTI_END_DTTM,
		             NOTI_OPEN_DIV,
		             NOTI_OPEN_DIV_SPEC,
		             PUBL_ASGN_DIV,
		             PUBL_ASGN_DIV_SPEC,
		             REPLY_PRMS_YN,
		             REPLY_MAKR_REALNAME_YN,
		             OPN_PRMS_YN,
		             OPN_MAKR_REALNAME_YN,
		             NOTI_READ_CNT ,
					<![CDATA[
		             CASE 
		               WHEN REG_DTTM < UPD_DTTM THEN 'Y'
		               WHEN REG_DTTM = UPD_DTTM THEN 'N'
		               ELSE 'X'
		             END UPD_YN,
		             ]]>
		             BF_BOARD_ID,
		             BF_NOTI_ID,
		             STAT_CODE,
		             DEPT_CODE,
		             DEPT_NAME,
		             DEPT_FNAME,
		             MAKR_IP,
		             BRGH_CODE,
		             CDLN_DEPT_CODE,
		             CDLN_DEPT_NAME,
		             CDLN_DEPT_FNAME,
		             CDLN_OBJR_NAME,
		             CDLN_EVNT_CODE,
		             DEL_YN,
		             REGR_ID,
		             REGR_NAME,
		             TO_CHAR(REG_DTTM, 'yyyy-mm-dd') REG_DTTM,
		             UPDR_ID,
		             UPDR_NAME,
		             UPD_DTTM,
		             OLD_BRD_ID,
		             OLD_HEADER_ID,
		             OLD_ORIGNAL_ID,
		             OLD_NOTICE_SEQ,
		             NOTI_TAG_LST
			      FROM (SELECT A.*
			            FROM BBS_NOTI_INFO A
			            WHERE DEL_YN = 'N'
			              AND BOARD_ID = #{boardId}
			              <if test="boardAnmtUseYn !=null and boardAnmtUseYn.equalsIgnoreCase('N') ">/* 공지사항 여부 */
			              	AND ANMT_YN = 'N'
			              </if>
			              <![CDATA[
			              AND (NOTI_BGN_DTTM <= SYSDATE  OR (RSRV_YN = 'Y' AND REGR_ID = #{userId} AND REG_DTTM <= SYSDATE)) 
			              AND NOTI_END_DTTM >= SYSDATE-1 
			              ]]>			              
			              <if test="searchKeyword !=null and searchKeyword != '' ">
					        <choose>
								<when test="searchCondition == 0">
									AND   NOTI_TITLE LIKE '%' || #{searchKeyword} || '%' 
								</when>
								<when test="searchCondition == 1">
									AND REGR_NAME LIKE '%' || #{searchKeyword} || '%'
								</when>
								<when test="searchCondition == 2">
									AND NOTI_CONTS LIKE '%' || #{searchKeyword} || '%'
								</when>
								
								<otherwise>
								</otherwise>
								
							</choose>
					   	  </if>   
	                        <if test="regDttmFrom != null and regDttmFrom != '' ">/* 기간 */
	                        	
	                            <!-- AND TO_CHAR(REG_DTTM,'yyyy-mm-dd') > #TO_DATE({regDttmFrom} -->
	                            <![CDATA[
	                            AND UPD_DTTM >= TO_DATE(#{regDttmFrom},'yyyy-mm-dd')
	                            ]]>
	                        </if>
	                        <if test="regDttmTo != null and regDttmTo != '' ">
	                        	
	                        	<!-- AND TO_CHAR(REG_DTTM,'yyyy-mm-dd') < #{regDttmTo} -->
	                        	<![CDATA[	                        	
	                        	AND UPD_DTTM <= TO_DATE(#{regDttmTo} || '23:59:59','yyyy-mm-dd hh24:mi:ss')
	                        	]]>
	                        </if>
	                        AND EXISTS(SELECT 1 
	                        			 FROM BBS_BOARD_INFO C 
	                        			WHERE A.BOARD_ID = C.BOARD_ID 
	                        			  AND C.BOARD_FORM_SPEC = '010')/* 이미지형 */
	                        <if test="notiReadmanAsgnYn != null and notiReadmanAsgnYn.equalsIgnoreCase('N') ">
	                        AND EXISTS(SELECT 1
                                       FROM BBS_BOARD_USER_MAP B
                                       WHERE A.BOARD_ID = B.BOARD_ID
                                       AND B.USER_ID IN (${userMap}))
							</if>
							<if test="notiReadmanAsgnYn != null and notiReadmanAsgnYn.equalsIgnoreCase('Y') ">
							AND EXISTS(SELECT 1
                                       FROM BBS_NOTI_USER_MAP B
                                       WHERE A.NOTI_ID = B.NOTI_ID
                                       AND B.USER_ID IN (${userMap}))
							</if>
							) X
							<if test="searchCondition !=null and searchCondition !=''">
	                            <if test="searchKeyword !=null and searchKeyword !=''">
	                            ORDER BY UPD_DTTM DESC
	                            </if>
	                        </if>
			      ) N
			 WHERE PNUM BETWEEN #{firstIndex} + 1 AND #{firstIndex} + #{recordCountPerPage}
			 ORDER BY PNUM
	</select>
	

	<!-- 일반게시판 게시글 총 개수 -->
	<select id="getBbsNotiInfoListTotCnt" parameterType="portalxpert.board.board100.vo.BbsNotiInfoVO" 
	    	resultType="int">
		<![CDATA[
		SELECT COUNT(1) CNT
		FROM BBS_NOTI_INFO A 
		WHERE BOARD_ID = #{boardId} AND DEL_YN = 'N'
		AND (NOTI_BGN_DTTM <= SYSDATE  OR (RSRV_YN = 'Y' AND REGR_ID = #{userId} AND REG_DTTM <= SYSDATE)) 
		AND NOTI_END_DTTM >= SYSDATE-1
		]]>
		<if test="boardAnmtUseYn !=null and boardAnmtUseYn.equalsIgnoreCase('N') ">
        	AND ANMT_YN = 'N'
        </if>
        <if test="searchKeyword !=null and searchKeyword != '' ">
	        <choose>
				<when test="searchCondition == 0">
					AND   NOTI_TITLE LIKE '%' || #{searchKeyword} || '%' 
				</when>
				<when test="searchCondition == 1">
					AND REGR_NAME LIKE '%' || #{searchKeyword} || '%'
				</when>
				<when test="searchCondition == 2">
					AND NOTI_CONTS LIKE '%' || #{searchKeyword} || '%'
				</when>
				
				<otherwise>
				</otherwise>
				
			</choose>
	   	</if>		      
		<if test="regDttmFrom != null and regDttmFrom != '' ">/* 기간 */
        	<![CDATA[
	           AND UPD_DTTM >= TO_DATE(#{regDttmFrom},'yyyy-mm-dd')
	        ]]>	
        </if>
        <if test="regDttmTo != null and regDttmTo != '' ">
        	<![CDATA[	                        	
	          AND UPD_DTTM <= TO_DATE(#{regDttmTo} || '23:59:59','yyyy-mm-dd hh24:mi:ss')
	        ]]>	
        </if>   	
		AND EXISTS(SELECT 1 
          			 FROM BBS_BOARD_INFO C 
          			WHERE A.BOARD_ID = C.BOARD_ID 
          			  AND C.BOARD_FORM_SPEC = '010')/* 이미지형 */	
        <if test="notiReadmanAsgnYn != null and notiReadmanAsgnYn.equalsIgnoreCase('N') ">
		AND EXISTS(SELECT 1
                   FROM BBS_BOARD_USER_MAP B
                   WHERE A.BOARD_ID = B.BOARD_ID
                   AND B.USER_ID IN (${userMap}))
		</if>
		<if test="notiReadmanAsgnYn != null and notiReadmanAsgnYn.equalsIgnoreCase('Y') ">
		AND EXISTS(SELECT 1
                   FROM BBS_NOTI_USER_MAP B
                   WHERE A.NOTI_ID = B.NOTI_ID
                   AND B.USER_ID IN (${userMap}))
		</if>   
	</select> 


	
	<!--IMG 게시물 삭제 -->
	<update id="updateImgNotiInfo" parameterType="String">
		UPDATE BBS_NOTI_INFO SET DEL_YN = 'Y' WHERE NOTI_ID = #{notiId}
	</update>
	
	

	
	<select id="getBbsNotiList" parameterType="String" resultType="portalxpert.board.board211.vo.BbsImgBoardNotiInfoVO">
	
		SELECT  NOTI_ID
          ,NOTI_TITLE
          ,NOTI_CONTS
          ,NOTI_READ_CNT
          ,NOTI_TITLE_ORGN
          ,TO_CHAR(UPD_DTTM , 'YYYY-MM-DD' ) UPD_DTTM 
	   FROM BBS_NOTI_INFO 
	   WHERE ANMT_YN = 'Y' 
	     AND BOARD_ID = #{boardId}
	   ORDER BY UPD_DTTM DESC
	</select>
	
	
</mapper>